unit_id,name,year,coarse_id,coarse_name
IN.ADM2.00001,Andamans,1991,IN.ADM1.00001,Andaman And Nicobar Islands
IN.ADM2.00002,Nicobars,1991,IN.ADM1.00001,Andaman And Nicobar Islands
IN.ADM2.00003,Adilabad,1991,IN.ADM1.00002,Andhra Pradesh
IN.ADM2.00004,Anantapur,1991,IN.ADM1.00002,Andhra Pradesh
IN.ADM2.00005,Chittoor,1991,IN.ADM1.00002,Andhra Pradesh
IN.ADM2.00006,Cuddapah,1991,IN.ADM1.00002,Andhra Pradesh
IN.ADM2.00007,East Godavari,1991,IN.ADM1.00002,Andhra Pradesh
IN.ADM2.00008,Guntur,1991,IN.ADM1.00002,Andhra Pradesh
IN.ADM2.00009,Hyderabad,1991,IN.ADM1.00002,Andhra Pradesh
IN.ADM2.00010,Karimnagar,1991,IN.ADM1.00002,Andhra Pradesh
IN.ADM2.00011,Khammam,1991,IN.ADM1.00002,Andhra Pradesh
IN.ADM2.00012,Krishna,1991,IN.ADM1.00002,Andhra Pradesh
IN.ADM2.00013,Kurnool,1991,IN.ADM1.00002,Andhra Pradesh
IN.ADM2.00014,Mahbubnagar,1991,IN.ADM1.00002,Andhra Pradesh
IN.ADM2.00015,Medak,1991,IN.ADM1.00002,Andhra Pradesh
IN.ADM2.00016,Nalgonda,1991,IN.ADM1.00002,Andhra Pradesh
IN.ADM2.00017,Nellore,1991,IN.ADM1.00002,Andhra Pradesh
IN.ADM2.00018,Nizamabad,1991,IN.ADM1.00002,Andhra Pradesh
IN.ADM2.00019,Prakasam,1991,IN.ADM1.00002,Andhra Pradesh
IN.ADM2.00020,Rangareddi,1991,IN.ADM1.00002,Andhra Pradesh
IN.ADM2.00021,Srikakulam,1991,IN.ADM1.00002,Andhra Pradesh
IN.ADM2.00022,Visakhapatnam,1991,IN.ADM1.00002,Andhra Pradesh
IN.ADM2.00023,Vizianagaram,1991,IN.ADM1.00002,Andhra Pradesh
IN.ADM2.00024,Warangal,1991,IN.ADM1.00002,Andhra Pradesh
IN.ADM2.00025,West Godavari,1991,IN.ADM1.00002,Andhra Pradesh
IN.ADM2.00026,Changlang,1991,IN.ADM1.00003,Arunachal Pradesh
IN.ADM2.00027,Dibang Valley,1991,IN.ADM1.00003,Arunachal Pradesh
IN.ADM2.00028,East Kameng,1991,IN.ADM1.00003,Arunachal Pradesh
IN.ADM2.00029,East Siang,1991,IN.ADM1.00003,Arunachal Pradesh
IN.ADM2.00030,Lohit,1991,IN.ADM1.00003,Arunachal Pradesh
IN.ADM2.00031,Lower Subansiri,1991,IN.ADM1.00003,Arunachal Pradesh
IN.ADM2.00032,Tawang,1991,IN.ADM1.00003,Arunachal Pradesh
IN.ADM2.00033,Tirap,1991,IN.ADM1.00003,Arunachal Pradesh
IN.ADM2.00034,Upper Subansiri,1991,IN.ADM1.00003,Arunachal Pradesh
IN.ADM2.00035,West Kameng,1991,IN.ADM1.00003,Arunachal Pradesh
IN.ADM2.00036,West Siang,1991,IN.ADM1.00003,Arunachal Pradesh
IN.ADM2.00037,Barpeta,1991,IN.ADM1.00004,Assam
IN.ADM2.00038,Bongaigaon,1991,IN.ADM1.00004,Assam
IN.ADM2.00039,Cachar,1991,IN.ADM1.00004,Assam
IN.ADM2.00040,Darrang,1991,IN.ADM1.00004,Assam
IN.ADM2.00041,Dhemaji,1991,IN.ADM1.00004,Assam
IN.ADM2.00042,Dhubri,1991,IN.ADM1.00004,Assam
IN.ADM2.00043,Dibrugarh,1991,IN.ADM1.00004,Assam
IN.ADM2.00044,Goalpara,1991,IN.ADM1.00004,Assam
IN.ADM2.00045,Golaghat,1991,IN.ADM1.00004,Assam
IN.ADM2.00046,Hailakandi,1991,IN.ADM1.00004,Assam
IN.ADM2.00047,Jorhat,1991,IN.ADM1.00004,Assam
IN.ADM2.00048,Kamrup,1991,IN.ADM1.00004,Assam
IN.ADM2.00049,Karbi Anglong,1991,IN.ADM1.00004,Assam
IN.ADM2.00050,Karimganj,1991,IN.ADM1.00004,Assam
IN.ADM2.00051,Kokrajhar,1991,IN.ADM1.00004,Assam
IN.ADM2.00052,Lakhimpur,1991,IN.ADM1.00004,Assam
IN.ADM2.00053,Marigaon,1991,IN.ADM1.00004,Assam
IN.ADM2.00054,Nagaon,1991,IN.ADM1.00004,Assam
IN.ADM2.00055,Nalbari,1991,IN.ADM1.00004,Assam
IN.ADM2.00056,North Cachar Hills,1991,IN.ADM1.00004,Assam
IN.ADM2.00057,Sibsagar,1991,IN.ADM1.00004,Assam
IN.ADM2.00058,Sonitpur,1991,IN.ADM1.00004,Assam
IN.ADM2.00059,Tinsukia,1991,IN.ADM1.00004,Assam
IN.ADM2.00060,Araria,1991,IN.ADM1.00005,Bihar
IN.ADM2.00061,Aurangabad,1991,IN.ADM1.00005,Bihar
IN.ADM2.00062,Begusarai,1991,IN.ADM1.00005,Bihar
IN.ADM2.00063,Bhagalpur,1991,IN.ADM1.00005,Bihar
IN.ADM2.00064,Bhojpur,1991,IN.ADM1.00005,Bihar
IN.ADM2.00065,Darbhanga,1991,IN.ADM1.00005,Bihar
IN.ADM2.00066,Deoghar,1991,IN.ADM1.00005,Bihar
IN.ADM2.00067,Dhanbad,1991,IN.ADM1.00005,Bihar
IN.ADM2.00068,Dumka,1991,IN.ADM1.00005,Bihar
IN.ADM2.00069,Gaya,1991,IN.ADM1.00005,Bihar
IN.ADM2.00070,Giridih,1991,IN.ADM1.00005,Bihar
IN.ADM2.00071,Godda,1991,IN.ADM1.00005,Bihar
IN.ADM2.00072,Gopalganj,1991,IN.ADM1.00005,Bihar
IN.ADM2.00073,Gumla,1991,IN.ADM1.00005,Bihar
IN.ADM2.00074,Hazaribag,1991,IN.ADM1.00005,Bihar
IN.ADM2.00075,Jehanabad,1991,IN.ADM1.00005,Bihar
IN.ADM2.00076,Katihar,1991,IN.ADM1.00005,Bihar
IN.ADM2.00077,Khagaria,1991,IN.ADM1.00005,Bihar
IN.ADM2.00078,Kishanganj,1991,IN.ADM1.00005,Bihar
IN.ADM2.00079,Lohardaga,1991,IN.ADM1.00005,Bihar
IN.ADM2.00080,Madhepura,1991,IN.ADM1.00005,Bihar
IN.ADM2.00081,Madhubani,1991,IN.ADM1.00005,Bihar
IN.ADM2.00082,Munger,1991,IN.ADM1.00005,Bihar
IN.ADM2.00083,Muzaffarpur,1991,IN.ADM1.00005,Bihar
IN.ADM2.00084,Nalanda,1991,IN.ADM1.00005,Bihar
IN.ADM2.00085,Nawada,1991,IN.ADM1.00005,Bihar
IN.ADM2.00086,Palamu,1991,IN.ADM1.00005,Bihar
IN.ADM2.00087,Pashchim Champaran,1991,IN.ADM1.00005,Bihar
IN.ADM2.00088,Pashchimi Singhbhum,1991,IN.ADM1.00005,Bihar
IN.ADM2.00089,Patna,1991,IN.ADM1.00005,Bihar
IN.ADM2.00090,Purba Champaran,1991,IN.ADM1.00005,Bihar
IN.ADM2.00091,Purbi Singhbhum,1991,IN.ADM1.00005,Bihar
IN.ADM2.00092,Purnia,1991,IN.ADM1.00005,Bihar
IN.ADM2.00093,Ranchi,1991,IN.ADM1.00005,Bihar
IN.ADM2.00094,Rohtas,1991,IN.ADM1.00005,Bihar
IN.ADM2.00095,Saharsa,1991,IN.ADM1.00005,Bihar
IN.ADM2.00096,Sahibganj,1991,IN.ADM1.00005,Bihar
IN.ADM2.00097,Samastipur,1991,IN.ADM1.00005,Bihar
IN.ADM2.00098,Saran,1991,IN.ADM1.00005,Bihar
IN.ADM2.00099,Sitamarhi,1991,IN.ADM1.00005,Bihar
IN.ADM2.00100,Siwan,1991,IN.ADM1.00005,Bihar
IN.ADM2.00101,Vaishali,1991,IN.ADM1.00005,Bihar
IN.ADM2.00102,Chandigarh,1991,IN.ADM1.00006,Chandigarh
IN.ADM2.00103,Dadra And Nagar Haveli,1991,IN.ADM1.00007,Dadra And Nagar Haveli
IN.ADM2.00104,Daman,1991,IN.ADM1.00008,Daman And Diu
IN.ADM2.00105,Diu,1991,IN.ADM1.00008,Daman And Diu
IN.ADM2.00106,Delhi,1991,IN.ADM1.00009,Delhi
IN.ADM2.00107,North Goa,1991,IN.ADM1.00010,Goa
IN.ADM2.00108,South Goa,1991,IN.ADM1.00010,Goa
IN.ADM2.00109,Amreli,1991,IN.ADM1.00011,Gujarat
IN.ADM2.00110,Banas Kantha,1991,IN.ADM1.00011,Gujarat
IN.ADM2.00111,Bharuch,1991,IN.ADM1.00011,Gujarat
IN.ADM2.00112,Bhavnagar,1991,IN.ADM1.00011,Gujarat
IN.ADM2.00113,Gandhinagar,1991,IN.ADM1.00011,Gujarat
IN.ADM2.00114,Jamnagar,1991,IN.ADM1.00011,Gujarat
IN.ADM2.00115,Junagadh,1991,IN.ADM1.00011,Gujarat
IN.ADM2.00116,Kachchh,1991,IN.ADM1.00011,Gujarat
IN.ADM2.00117,Kheda,1991,IN.ADM1.00011,Gujarat
IN.ADM2.00118,Mahesana,1991,IN.ADM1.00011,Gujarat
IN.ADM2.00119,Panch Mahals,1991,IN.ADM1.00011,Gujarat
IN.ADM2.00120,Rajkot,1991,IN.ADM1.00011,Gujarat
IN.ADM2.00121,Sabar Kantha,1991,IN.ADM1.00011,Gujarat
IN.ADM2.00122,Surendranagar,1991,IN.ADM1.00011,Gujarat
IN.ADM2.00123,The Dangs,1991,IN.ADM1.00011,Gujarat
IN.ADM2.00124,Valsad,1991,IN.ADM1.00011,Gujarat
IN.ADM2.00125,Ahmadabad,1991,IN.ADM1.00011,Gujarat
IN.ADM2.00126,Surat,1991,IN.ADM1.00011,Gujarat
IN.ADM2.00127,Vadodara,1991,IN.ADM1.00011,Gujarat
IN.ADM2.00128,Ambala,1991,IN.ADM1.00013,Haryana
IN.ADM2.00129,Bhiwani,1991,IN.ADM1.00013,Haryana
IN.ADM2.00130,Faridabad,1991,IN.ADM1.00013,Haryana
IN.ADM2.00131,Gurgaon,1991,IN.ADM1.00013,Haryana
IN.ADM2.00132,Hisar,1991,IN.ADM1.00013,Haryana
IN.ADM2.00133,Jind,1991,IN.ADM1.00013,Haryana
IN.ADM2.00134,Kaithal,1991,IN.ADM1.00013,Haryana
IN.ADM2.00135,Karnal,1991,IN.ADM1.00013,Haryana
IN.ADM2.00136,Kurukshetra,1991,IN.ADM1.00013,Haryana
IN.ADM2.00137,Mahendragarh,1991,IN.ADM1.00013,Haryana
IN.ADM2.00138,Panipat,1991,IN.ADM1.00013,Haryana
IN.ADM2.00139,Rewari,1991,IN.ADM1.00013,Haryana
IN.ADM2.00140,Rohtak,1991,IN.ADM1.00013,Haryana
IN.ADM2.00141,Sirsa,1991,IN.ADM1.00013,Haryana
IN.ADM2.00142,Sonipat,1991,IN.ADM1.00013,Haryana
IN.ADM2.00143,Yamunanagar,1991,IN.ADM1.00013,Haryana
IN.ADM2.00144,Bilaspur,1991,IN.ADM1.00014,Himachal Pradesh
IN.ADM2.00145,Chamba,1991,IN.ADM1.00014,Himachal Pradesh
IN.ADM2.00146,Hamirpur,1991,IN.ADM1.00014,Himachal Pradesh
IN.ADM2.00147,Kangra,1991,IN.ADM1.00014,Himachal Pradesh
IN.ADM2.00148,Kinnaur,1991,IN.ADM1.00014,Himachal Pradesh
IN.ADM2.00149,Kullu,1991,IN.ADM1.00014,Himachal Pradesh
IN.ADM2.00150,Lahul And Spiti,1991,IN.ADM1.00014,Himachal Pradesh
IN.ADM2.00151,Mandi,1991,IN.ADM1.00014,Himachal Pradesh
IN.ADM2.00152,Shimla,1991,IN.ADM1.00014,Himachal Pradesh
IN.ADM2.00153,Sirmaur,1991,IN.ADM1.00014,Himachal Pradesh
IN.ADM2.00154,Solan,1991,IN.ADM1.00014,Himachal Pradesh
IN.ADM2.00155,Una,1991,IN.ADM1.00014,Himachal Pradesh
IN.ADM2.00156,Anantnag,1991,IN.ADM1.00015,Jammu And Kashmir
IN.ADM2.00157,Badgam,1991,IN.ADM1.00015,Jammu And Kashmir
IN.ADM2.00158,Baramula,1991,IN.ADM1.00015,Jammu And Kashmir
IN.ADM2.00159,Doda,1991,IN.ADM1.00015,Jammu And Kashmir
IN.ADM2.00160,Jammu,1991,IN.ADM1.00015,Jammu And Kashmir
IN.ADM2.00161,Kargil,1991,IN.ADM1.00015,Jammu And Kashmir
IN.ADM2.00162,Kathua,1991,IN.ADM1.00015,Jammu And Kashmir
IN.ADM2.00163,Kupwara,1991,IN.ADM1.00015,Jammu And Kashmir
IN.ADM2.00164,Leh,1991,IN.ADM1.00015,Jammu And Kashmir
IN.ADM2.00165,Pulwama,1991,IN.ADM1.00015,Jammu And Kashmir
IN.ADM2.00166,Punch,1991,IN.ADM1.00015,Jammu And Kashmir
IN.ADM2.00167,Rajauri,1991,IN.ADM1.00015,Jammu And Kashmir
IN.ADM2.00168,Srinagar,1991,IN.ADM1.00015,Jammu And Kashmir
IN.ADM2.00169,Udhampur,1991,IN.ADM1.00015,Jammu And Kashmir
IN.ADM2.00170,Bangalore,1991,IN.ADM1.00016,Karnataka
IN.ADM2.00171,Bangalore Rural,1991,IN.ADM1.00016,Karnataka
IN.ADM2.00172,Belgaum,1991,IN.ADM1.00016,Karnataka
IN.ADM2.00173,Bellary,1991,IN.ADM1.00016,Karnataka
IN.ADM2.00174,Bidar,1991,IN.ADM1.00016,Karnataka
IN.ADM2.00175,Bijapur,1991,IN.ADM1.00016,Karnataka
IN.ADM2.00176,Chikmagalur,1991,IN.ADM1.00016,Karnataka
IN.ADM2.00177,Chitradurga,1991,IN.ADM1.00016,Karnataka
IN.ADM2.00178,Dakshina Kannada,1991,IN.ADM1.00016,Karnataka
IN.ADM2.00179,Dharwad,1991,IN.ADM1.00016,Karnataka
IN.ADM2.00180,Gulbarga,1991,IN.ADM1.00016,Karnataka
IN.ADM2.00181,Hassan,1991,IN.ADM1.00016,Karnataka
IN.ADM2.00182,Kodagu,1991,IN.ADM1.00016,Karnataka
IN.ADM2.00183,Kolar,1991,IN.ADM1.00016,Karnataka
IN.ADM2.00184,Mandya,1991,IN.ADM1.00016,Karnataka
IN.ADM2.00185,Mysore,1991,IN.ADM1.00016,Karnataka
IN.ADM2.00186,Raichur,1991,IN.ADM1.00016,Karnataka
IN.ADM2.00187,Shimoga,1991,IN.ADM1.00016,Karnataka
IN.ADM2.00188,Tumkur,1991,IN.ADM1.00016,Karnataka
IN.ADM2.00189,Uttara Kannada,1991,IN.ADM1.00016,Karnataka
IN.ADM2.00190,Alappuzha,1991,IN.ADM1.00017,Kerala
IN.ADM2.00191,Ernakulam,1991,IN.ADM1.00017,Kerala
IN.ADM2.00192,Idukki,1991,IN.ADM1.00017,Kerala
IN.ADM2.00193,Kannur,1991,IN.ADM1.00017,Kerala
IN.ADM2.00194,Kasaragod,1991,IN.ADM1.00017,Kerala
IN.ADM2.00195,Kollam,1991,IN.ADM1.00017,Kerala
IN.ADM2.00196,Kottayam,1991,IN.ADM1.00017,Kerala
IN.ADM2.00197,Kozhikode,1991,IN.ADM1.00017,Kerala
IN.ADM2.00198,Malappuram,1991,IN.ADM1.00017,Kerala
IN.ADM2.00199,Palakkad,1991,IN.ADM1.00017,Kerala
IN.ADM2.00200,Pathanamthitta,1991,IN.ADM1.00017,Kerala
IN.ADM2.00201,Thiruvananthapuram,1991,IN.ADM1.00017,Kerala
IN.ADM2.00202,Thrissur,1991,IN.ADM1.00017,Kerala
IN.ADM2.00203,Wayanad,1991,IN.ADM1.00017,Kerala
IN.ADM2.00204,Lakshadweep,1991,IN.ADM1.00018,Lakshadweep
IN.ADM2.00205,Balaghat,1991,IN.ADM1.00019,Madhya Pradesh
IN.ADM2.00206,Bastar,1991,IN.ADM1.00019,Madhya Pradesh
IN.ADM2.00207,Betul,1991,IN.ADM1.00019,Madhya Pradesh
IN.ADM2.00208,Bhind,1991,IN.ADM1.00019,Madhya Pradesh
IN.ADM2.00209,Bhopal,1991,IN.ADM1.00019,Madhya Pradesh
IN.ADM2.00210,Bilaspur,1991,IN.ADM1.00019,Madhya Pradesh
IN.ADM2.00211,Chhatarpur,1991,IN.ADM1.00019,Madhya Pradesh
IN.ADM2.00212,Chhindwara,1991,IN.ADM1.00019,Madhya Pradesh
IN.ADM2.00213,Damoh,1991,IN.ADM1.00019,Madhya Pradesh
IN.ADM2.00214,Datia,1991,IN.ADM1.00019,Madhya Pradesh
IN.ADM2.00215,Dewas,1991,IN.ADM1.00019,Madhya Pradesh
IN.ADM2.00216,Dhar,1991,IN.ADM1.00019,Madhya Pradesh
IN.ADM2.00217,Durg,1991,IN.ADM1.00019,Madhya Pradesh
IN.ADM2.00218,East Nimar,1991,IN.ADM1.00019,Madhya Pradesh
IN.ADM2.00219,Guna,1991,IN.ADM1.00019,Madhya Pradesh
IN.ADM2.00220,Gwalior,1991,IN.ADM1.00019,Madhya Pradesh
IN.ADM2.00221,Hoshangabad,1991,IN.ADM1.00019,Madhya Pradesh
IN.ADM2.00222,Indore,1991,IN.ADM1.00019,Madhya Pradesh
IN.ADM2.00223,Jabalpur,1991,IN.ADM1.00019,Madhya Pradesh
IN.ADM2.00224,Jhabua,1991,IN.ADM1.00019,Madhya Pradesh
IN.ADM2.00225,Mandla,1991,IN.ADM1.00019,Madhya Pradesh
IN.ADM2.00226,Mandsaur,1991,IN.ADM1.00019,Madhya Pradesh
IN.ADM2.00227,Morena,1991,IN.ADM1.00019,Madhya Pradesh
IN.ADM2.00228,Narsimhapur,1991,IN.ADM1.00019,Madhya Pradesh
IN.ADM2.00229,Panna,1991,IN.ADM1.00019,Madhya Pradesh
IN.ADM2.00230,Raigarh,1991,IN.ADM1.00019,Madhya Pradesh
IN.ADM2.00231,Raipur,1991,IN.ADM1.00019,Madhya Pradesh
IN.ADM2.00232,Raisen,1991,IN.ADM1.00019,Madhya Pradesh
IN.ADM2.00233,Rajgarh,1991,IN.ADM1.00019,Madhya Pradesh
IN.ADM2.00234,Rajnandgaon,1991,IN.ADM1.00019,Madhya Pradesh
IN.ADM2.00235,Ratlam,1991,IN.ADM1.00019,Madhya Pradesh
IN.ADM2.00236,Rewa,1991,IN.ADM1.00019,Madhya Pradesh
IN.ADM2.00237,Sagar,1991,IN.ADM1.00019,Madhya Pradesh
IN.ADM2.00238,Satna,1991,IN.ADM1.00019,Madhya Pradesh
IN.ADM2.00239,Sehore,1991,IN.ADM1.00019,Madhya Pradesh
IN.ADM2.00240,Seoni,1991,IN.ADM1.00019,Madhya Pradesh
IN.ADM2.00241,Shahdol,1991,IN.ADM1.00019,Madhya Pradesh
IN.ADM2.00242,Shajapur,1991,IN.ADM1.00019,Madhya Pradesh
IN.ADM2.00243,Shivpuri,1991,IN.ADM1.00019,Madhya Pradesh
IN.ADM2.00244,Sidhi,1991,IN.ADM1.00019,Madhya Pradesh
IN.ADM2.00245,Surguja,1991,IN.ADM1.00019,Madhya Pradesh
IN.ADM2.00246,Tikamgarh,1991,IN.ADM1.00019,Madhya Pradesh
IN.ADM2.00247,Ujjain,1991,IN.ADM1.00019,Madhya Pradesh
IN.ADM2.00248,Vidisha,1991,IN.ADM1.00019,Madhya Pradesh
IN.ADM2.00249,West Nimar,1991,IN.ADM1.00019,Madhya Pradesh
IN.ADM2.00250,Ahmadnagar,1991,IN.ADM1.00020,Maharashtra
IN.ADM2.00251,Akola,1991,IN.ADM1.00020,Maharashtra
IN.ADM2.00252,Amravati,1991,IN.ADM1.00020,Maharashtra
IN.ADM2.00253,Aurangabad,1991,IN.ADM1.00020,Maharashtra
IN.ADM2.00254,Bhandara,1991,IN.ADM1.00020,Maharashtra
IN.ADM2.00255,Bid,1991,IN.ADM1.00020,Maharashtra
IN.ADM2.00256,Buldana,1991,IN.ADM1.00020,Maharashtra
IN.ADM2.00257,Chandrapur,1991,IN.ADM1.00020,Maharashtra
IN.ADM2.00258,Dhule,1991,IN.ADM1.00020,Maharashtra
IN.ADM2.00259,Gadchiroli,1991,IN.ADM1.00020,Maharashtra
IN.ADM2.00260,Jalgaon,1991,IN.ADM1.00020,Maharashtra
IN.ADM2.00261,Jalna,1991,IN.ADM1.00020,Maharashtra
IN.ADM2.00262,Kolhapur,1991,IN.ADM1.00020,Maharashtra
IN.ADM2.00263,Latur,1991,IN.ADM1.00020,Maharashtra
IN.ADM2.00264,Mumbai,1991,IN.ADM1.00020,Maharashtra
IN.ADM2.00265,Mumbai Suburban,1991,IN.ADM1.00020,Maharashtra
IN.ADM2.00266,Nagpur,1991,IN.ADM1.00020,Maharashtra
IN.ADM2.00267,Nanded,1991,IN.ADM1.00020,Maharashtra
IN.ADM2.00268,Nashik,1991,IN.ADM1.00020,Maharashtra
IN.ADM2.00269,Osmanabad,1991,IN.ADM1.00020,Maharashtra
IN.ADM2.00270,Parbhani,1991,IN.ADM1.00020,Maharashtra
IN.ADM2.00271,Pune,1991,IN.ADM1.00020,Maharashtra
IN.ADM2.00272,Raigarh,1991,IN.ADM1.00020,Maharashtra
IN.ADM2.00273,Ratnagiri,1991,IN.ADM1.00020,Maharashtra
IN.ADM2.00274,Sangli,1991,IN.ADM1.00020,Maharashtra
IN.ADM2.00275,Satara,1991,IN.ADM1.00020,Maharashtra
IN.ADM2.00276,Sindhudurg,1991,IN.ADM1.00020,Maharashtra
IN.ADM2.00277,Solapur,1991,IN.ADM1.00020,Maharashtra
IN.ADM2.00278,Thane,1991,IN.ADM1.00020,Maharashtra
IN.ADM2.00279,Wardha,1991,IN.ADM1.00020,Maharashtra
IN.ADM2.00280,Yavatmal,1991,IN.ADM1.00020,Maharashtra
IN.ADM2.00281,Bishnupur,1991,IN.ADM1.00021,Manipur
IN.ADM2.00282,Chandel,1991,IN.ADM1.00021,Manipur
IN.ADM2.00283,Churachandpur,1991,IN.ADM1.00021,Manipur
IN.ADM2.00284,Imphal,1991,IN.ADM1.00021,Manipur
IN.ADM2.00285,Senapati,1991,IN.ADM1.00021,Manipur
IN.ADM2.00286,Tamenglong,1991,IN.ADM1.00021,Manipur
IN.ADM2.00287,Thoubal,1991,IN.ADM1.00021,Manipur
IN.ADM2.00288,Ukhrul,1991,IN.ADM1.00021,Manipur
IN.ADM2.00289,East Garo Hills,1991,IN.ADM1.00022,Meghalaya
IN.ADM2.00290,East Khasi Hills,1991,IN.ADM1.00022,Meghalaya
IN.ADM2.00291,Jaintia Hills,1991,IN.ADM1.00022,Meghalaya
IN.ADM2.00292,West Garo Hills,1991,IN.ADM1.00022,Meghalaya
IN.ADM2.00293,West Khasi Hills,1991,IN.ADM1.00022,Meghalaya
IN.ADM2.00294,Aizawl,1991,IN.ADM1.00023,Mizoram
IN.ADM2.00295,Chhimtuipui,1991,IN.ADM1.00023,Mizoram
IN.ADM2.00296,Lunglei,1991,IN.ADM1.00023,Mizoram
IN.ADM2.00297,Kohima,1991,IN.ADM1.00024,Nagaland
IN.ADM2.00298,Mokokchung,1991,IN.ADM1.00024,Nagaland
IN.ADM2.00299,Mon,1991,IN.ADM1.00024,Nagaland
IN.ADM2.00300,Phek,1991,IN.ADM1.00024,Nagaland
IN.ADM2.00301,Tuensang,1991,IN.ADM1.00024,Nagaland
IN.ADM2.00302,Wokha,1991,IN.ADM1.00024,Nagaland
IN.ADM2.00303,Zunheboto,1991,IN.ADM1.00024,Nagaland
IN.ADM2.00304,Balangir,1991,IN.ADM1.00025,Orissa
IN.ADM2.00305,Baleshwar,1991,IN.ADM1.00025,Orissa
IN.ADM2.00306,Cuttack,1991,IN.ADM1.00025,Orissa
IN.ADM2.00307,Dhenkanal,1991,IN.ADM1.00025,Orissa
IN.ADM2.00308,Ganjam,1991,IN.ADM1.00025,Orissa
IN.ADM2.00309,Kalahandi,1991,IN.ADM1.00025,Orissa
IN.ADM2.00310,Kendujhar,1991,IN.ADM1.00025,Orissa
IN.ADM2.00311,Koraput,1991,IN.ADM1.00025,Orissa
IN.ADM2.00312,Mayurbhanj,1991,IN.ADM1.00025,Orissa
IN.ADM2.00313,Phulabani,1991,IN.ADM1.00025,Orissa
IN.ADM2.00314,Puri,1991,IN.ADM1.00025,Orissa
IN.ADM2.00315,Sambalpur,1991,IN.ADM1.00025,Orissa
IN.ADM2.00316,Sundargarh,1991,IN.ADM1.00025,Orissa
IN.ADM2.00317,Karaikal,1991,IN.ADM1.00026,Pondicherry U.T.
IN.ADM2.00318,Mahe,1991,IN.ADM1.00026,Pondicherry U.T.
IN.ADM2.00319,Pondicherry U.T.,1991,IN.ADM1.00026,Pondicherry U.T.
IN.ADM2.00320,Yanam,1991,IN.ADM1.00026,Pondicherry U.T.
IN.ADM2.00321,Amritsar,1991,IN.ADM1.00027,Punjab
IN.ADM2.00322,Bathinda,1991,IN.ADM1.00027,Punjab
IN.ADM2.00323,Faridkot,1991,IN.ADM1.00027,Punjab
IN.ADM2.00324,Firozpur,1991,IN.ADM1.00027,Punjab
IN.ADM2.00325,Gurdaspur,1991,IN.ADM1.00027,Punjab
IN.ADM2.00326,Hoshiarpur,1991,IN.ADM1.00027,Punjab
IN.ADM2.00327,Jalandhar,1991,IN.ADM1.00027,Punjab
IN.ADM2.00328,Kapurthala,1991,IN.ADM1.00027,Punjab
IN.ADM2.00329,Ludhiana,1991,IN.ADM1.00027,Punjab
IN.ADM2.00330,Patiala,1991,IN.ADM1.00027,Punjab
IN.ADM2.00331,Rupnagar,1991,IN.ADM1.00027,Punjab
IN.ADM2.00332,Sangrur,1991,IN.ADM1.00027,Punjab
IN.ADM2.00333,Ajmer,1991,IN.ADM1.00028,Rajasthan
IN.ADM2.00334,Alwar,1991,IN.ADM1.00028,Rajasthan
IN.ADM2.00335,Banswara,1991,IN.ADM1.00028,Rajasthan
IN.ADM2.00336,Barmer,1991,IN.ADM1.00028,Rajasthan
IN.ADM2.00337,Bharatpur,1991,IN.ADM1.00028,Rajasthan
IN.ADM2.00338,Bhilwara,1991,IN.ADM1.00028,Rajasthan
IN.ADM2.00339,Bikaner,1991,IN.ADM1.00028,Rajasthan
IN.ADM2.00340,Bundi,1991,IN.ADM1.00028,Rajasthan
IN.ADM2.00341,Chittaurgarh,1991,IN.ADM1.00028,Rajasthan
IN.ADM2.00342,Churu,1991,IN.ADM1.00028,Rajasthan
IN.ADM2.00343,Dholpur,1991,IN.ADM1.00028,Rajasthan
IN.ADM2.00344,Dungarpur,1991,IN.ADM1.00028,Rajasthan
IN.ADM2.00345,Sri Ganganagar,1991,IN.ADM1.00028,Rajasthan
IN.ADM2.00346,Jaipur,1991,IN.ADM1.00028,Rajasthan
IN.ADM2.00347,Jaisalmer,1991,IN.ADM1.00028,Rajasthan
IN.ADM2.00348,Jalore,1991,IN.ADM1.00028,Rajasthan
IN.ADM2.00349,Jhalawar,1991,IN.ADM1.00028,Rajasthan
IN.ADM2.00350,Jhunjhunu,1991,IN.ADM1.00028,Rajasthan
IN.ADM2.00351,Jodhpur,1991,IN.ADM1.00028,Rajasthan
IN.ADM2.00352,Kota,1991,IN.ADM1.00028,Rajasthan
IN.ADM2.00353,Nagaur,1991,IN.ADM1.00028,Rajasthan
IN.ADM2.00354,Pali,1991,IN.ADM1.00028,Rajasthan
IN.ADM2.00355,Sawai Madhopur,1991,IN.ADM1.00028,Rajasthan
IN.ADM2.00356,Sikar,1991,IN.ADM1.00028,Rajasthan
IN.ADM2.00357,Sirohi,1991,IN.ADM1.00028,Rajasthan
IN.ADM2.00358,Tonk,1991,IN.ADM1.00028,Rajasthan
IN.ADM2.00359,Udaipur,1991,IN.ADM1.00028,Rajasthan
IN.ADM2.00360,East District,1991,IN.ADM1.00029,Sikkim
IN.ADM2.00361,North District,1991,IN.ADM1.00029,Sikkim
IN.ADM2.00362,South District,1991,IN.ADM1.00029,Sikkim
IN.ADM2.00363,West District,1991,IN.ADM1.00029,Sikkim
IN.ADM2.00364,Chengalpattu,1991,IN.ADM1.00030,Tamil Nadu
IN.ADM2.00365,Chidambaranar,1991,IN.ADM1.00030,Tamil Nadu
IN.ADM2.00366,Coimbatore,1991,IN.ADM1.00030,Tamil Nadu
IN.ADM2.00367,Dharmapuri,1991,IN.ADM1.00030,Tamil Nadu
IN.ADM2.00368,Dindigul Anna,1991,IN.ADM1.00030,Tamil Nadu
IN.ADM2.00369,Kamarajar,1991,IN.ADM1.00030,Tamil Nadu
IN.ADM2.00370,Kanniyakumari,1991,IN.ADM1.00030,Tamil Nadu
IN.ADM2.00371,Madras,1991,IN.ADM1.00030,Tamil Nadu
IN.ADM2.00372,Madurai,1991,IN.ADM1.00030,Tamil Nadu
IN.ADM2.00373,Nilgiri,1991,IN.ADM1.00030,Tamil Nadu
IN.ADM2.00374,North Arcot Ambedkar,1991,IN.ADM1.00030,Tamil Nadu
IN.ADM2.00375,Periyar,1991,IN.ADM1.00030,Tamil Nadu
IN.ADM2.00376,Pudukkottai,1991,IN.ADM1.00030,Tamil Nadu
IN.ADM2.00377,Ramanathapuram,1991,IN.ADM1.00030,Tamil Nadu
IN.ADM2.00378,Salem,1991,IN.ADM1.00030,Tamil Nadu
IN.ADM2.00379,Sivaganga,1991,IN.ADM1.00030,Tamil Nadu
IN.ADM2.00380,South Arcot,1991,IN.ADM1.00030,Tamil Nadu
IN.ADM2.00381,Thanjavur,1991,IN.ADM1.00030,Tamil Nadu
IN.ADM2.00382,Tiruchchirappalli,1991,IN.ADM1.00030,Tamil Nadu
IN.ADM2.00383,Tirunelveli Kattabomman,1991,IN.ADM1.00030,Tamil Nadu
IN.ADM2.00384,Tiruvannamalai Sambuvarayar,1991,IN.ADM1.00030,Tamil Nadu
IN.ADM2.00385,North Tripura,1991,IN.ADM1.00031,Tripura
IN.ADM2.00386,South Tripura,1991,IN.ADM1.00031,Tripura
IN.ADM2.00387,West Tripura,1991,IN.ADM1.00031,Tripura
IN.ADM2.00388,Agra,1991,IN.ADM1.00032,Uttar Pradesh
IN.ADM2.00389,Aligarh,1991,IN.ADM1.00032,Uttar Pradesh
IN.ADM2.00390,Allahabad,1991,IN.ADM1.00032,Uttar Pradesh
IN.ADM2.00391,Almora,1991,IN.ADM1.00032,Uttar Pradesh
IN.ADM2.00392,Azamgarh,1991,IN.ADM1.00032,Uttar Pradesh
IN.ADM2.00393,Bahraich,1991,IN.ADM1.00032,Uttar Pradesh
IN.ADM2.00394,Ballia,1991,IN.ADM1.00032,Uttar Pradesh
IN.ADM2.00395,Banda,1991,IN.ADM1.00032,Uttar Pradesh
IN.ADM2.00396,Barabanki,1991,IN.ADM1.00032,Uttar Pradesh
IN.ADM2.00397,Bareilly,1991,IN.ADM1.00032,Uttar Pradesh
IN.ADM2.00398,Basti,1991,IN.ADM1.00032,Uttar Pradesh
IN.ADM2.00399,Bijnor,1991,IN.ADM1.00032,Uttar Pradesh
IN.ADM2.00400,Budaun,1991,IN.ADM1.00032,Uttar Pradesh
IN.ADM2.00401,Bulandshahr,1991,IN.ADM1.00032,Uttar Pradesh
IN.ADM2.00402,Chamoli,1991,IN.ADM1.00032,Uttar Pradesh
IN.ADM2.00403,Dehradun,1991,IN.ADM1.00032,Uttar Pradesh
IN.ADM2.00404,Deoria,1991,IN.ADM1.00032,Uttar Pradesh
IN.ADM2.00405,Etah,1991,IN.ADM1.00032,Uttar Pradesh
IN.ADM2.00406,Etawah,1991,IN.ADM1.00032,Uttar Pradesh
IN.ADM2.00407,Faizabad,1991,IN.ADM1.00032,Uttar Pradesh
IN.ADM2.00408,Farrukhabad,1991,IN.ADM1.00032,Uttar Pradesh
IN.ADM2.00409,Fatehpur,1991,IN.ADM1.00032,Uttar Pradesh
IN.ADM2.00410,Firozabad,1991,IN.ADM1.00032,Uttar Pradesh
IN.ADM2.00411,Ghaziabad,1991,IN.ADM1.00032,Uttar Pradesh
IN.ADM2.00412,Ghazipur,1991,IN.ADM1.00032,Uttar Pradesh
IN.ADM2.00413,Gonda,1991,IN.ADM1.00032,Uttar Pradesh
IN.ADM2.00414,Gorakhpur,1991,IN.ADM1.00032,Uttar Pradesh
IN.ADM2.00415,Hamirpur,1991,IN.ADM1.00032,Uttar Pradesh
IN.ADM2.00416,Hardoi,1991,IN.ADM1.00032,Uttar Pradesh
IN.ADM2.00417,Hardwar,1991,IN.ADM1.00032,Uttar Pradesh
IN.ADM2.00418,Jalaun,1991,IN.ADM1.00032,Uttar Pradesh
IN.ADM2.00419,Jaunpur,1991,IN.ADM1.00032,Uttar Pradesh
IN.ADM2.00420,Jhansi,1991,IN.ADM1.00032,Uttar Pradesh
IN.ADM2.00421,Kanpur Dehat,1991,IN.ADM1.00032,Uttar Pradesh
IN.ADM2.00422,Kanpur Nagar,1991,IN.ADM1.00032,Uttar Pradesh
IN.ADM2.00423,Kheri,1991,IN.ADM1.00032,Uttar Pradesh
IN.ADM2.00424,Lalitpur,1991,IN.ADM1.00032,Uttar Pradesh
IN.ADM2.00425,Lucknow,1991,IN.ADM1.00032,Uttar Pradesh
IN.ADM2.00426,Maharajganj,1991,IN.ADM1.00032,Uttar Pradesh
IN.ADM2.00427,Mainpuri,1991,IN.ADM1.00032,Uttar Pradesh
IN.ADM2.00428,Mathura,1991,IN.ADM1.00032,Uttar Pradesh
IN.ADM2.00429,Mau,1991,IN.ADM1.00032,Uttar Pradesh
IN.ADM2.00430,Meerut,1991,IN.ADM1.00032,Uttar Pradesh
IN.ADM2.00431,Mirzapur,1991,IN.ADM1.00032,Uttar Pradesh
IN.ADM2.00432,Moradabad,1991,IN.ADM1.00032,Uttar Pradesh
IN.ADM2.00433,Muzaffarnagar,1991,IN.ADM1.00032,Uttar Pradesh
IN.ADM2.00434,Nainital,1991,IN.ADM1.00032,Uttar Pradesh
IN.ADM2.00435,Pauri Garhwal,1991,IN.ADM1.00032,Uttar Pradesh
IN.ADM2.00436,Pilibhit,1991,IN.ADM1.00032,Uttar Pradesh
IN.ADM2.00437,Pithoragarh,1991,IN.ADM1.00032,Uttar Pradesh
IN.ADM2.00438,Pratapgarh,1991,IN.ADM1.00032,Uttar Pradesh
IN.ADM2.00439,Rae Bareli,1991,IN.ADM1.00032,Uttar Pradesh
IN.ADM2.00440,Rampur,1991,IN.ADM1.00032,Uttar Pradesh
IN.ADM2.00441,Saharanpur,1991,IN.ADM1.00032,Uttar Pradesh
IN.ADM2.00442,Shahjahanpur,1991,IN.ADM1.00032,Uttar Pradesh
IN.ADM2.00443,Siddharthnagar,1991,IN.ADM1.00032,Uttar Pradesh
IN.ADM2.00444,Sitapur,1991,IN.ADM1.00032,Uttar Pradesh
IN.ADM2.00445,Sonbhadra,1991,IN.ADM1.00032,Uttar Pradesh
IN.ADM2.00446,Sultanpur,1991,IN.ADM1.00032,Uttar Pradesh
IN.ADM2.00447,Tehri Garhwal,1991,IN.ADM1.00032,Uttar Pradesh
IN.ADM2.00448,Unnao,1991,IN.ADM1.00032,Uttar Pradesh
IN.ADM2.00449,Uttarkashi,1991,IN.ADM1.00032,Uttar Pradesh
IN.ADM2.00450,Varanasi,1991,IN.ADM1.00032,Uttar Pradesh
IN.ADM2.00451,Bankura,1991,IN.ADM1.00033,West Bengal
IN.ADM2.00452,Barddhaman,1991,IN.ADM1.00033,West Bengal
IN.ADM2.00453,Birbhum,1991,IN.ADM1.00033,West Bengal
IN.ADM2.00454,Calcutta,1991,IN.ADM1.00033,West Bengal
IN.ADM2.00455,Darjiling,1991,IN.ADM1.00033,West Bengal
IN.ADM2.00456,Haora,1991,IN.ADM1.00033,West Bengal
IN.ADM2.00457,Hugli,1991,IN.ADM1.00033,West Bengal
IN.ADM2.00458,Jalpaiguri,1991,IN.ADM1.00033,West Bengal
IN.ADM2.00459,Koch Bihar,1991,IN.ADM1.00033,West Bengal
IN.ADM2.00460,Maldah,1991,IN.ADM1.00033,West Bengal
IN.ADM2.00461,Medinipur,1991,IN.ADM1.00033,West Bengal
IN.ADM2.00462,Murshidabad,1991,IN.ADM1.00033,West Bengal
IN.ADM2.00463,Nadia,1991,IN.ADM1.00033,West Bengal
IN.ADM2.00464,North Twenty Four Parganas,1991,IN.ADM1.00033,West Bengal
IN.ADM2.00465,Puruliya,1991,IN.ADM1.00033,West Bengal
IN.ADM2.00466,South Twenty Four Parganas,1991,IN.ADM1.00033,West Bengal
IN.ADM2.00467,West Dinajpur,1991,IN.ADM1.00033,West Bengal
